No.,Stock code,Company name,Time,ROA,Debt to equity,P/E,Trailing EPS,ROE,EV/EBITDA,"Market capitalization
",P/B
1,AAA,CTCP Nhựa An Phát Xanh,Quarter 1 Year 2021,85,9606,1211,1371,184,3033,3.68122E+12,89
2,AAM,CTCP Thủy sản MeKong,Quarter 1 Year 2021,-53,211,-814,439,-57,,1.11828E+11,58
3,AAT,CTCP Tập Đoàn Tiên Sơn Thanh Hóa ,Quarter 1 Year 2021,144,2527,2359,1617,207,,4.3674E+11,101
4,ABR,CTCP Đầu tư Nhãn hiệu Việt,Quarter 1 Year 2021,138,0,2648,1416,168,,4.62E+11,192
5,ABS,CTCP Dịch vụ Nông nghiệp Bình Thuận,Quarter 1 Year 2021,15,3785,3794,1460,31,,3.68E+12,406
6,ABT,CTCP Xuất nhập khẩu Thủy sản Bến Tre,Quarter 1 Year 2021,313,1851,1161,338,405,,3.49517E+11,84
7,ACB,Ngân hàng TMCP Á Châu,Quarter 1 Year 2021,56,1865,753,5511,677,,7.19799E+13,190
8,ACC,CTCP Đầu tư và Xây dựng Bình Dương ACC,Quarter 1 Year 2021,181,5599,391,4442,327,,5.145E+11,109
10,ACL,CTCP Xuất nhập khẩu Thủy sản Cửu Long An Giang,Quarter 1 Year 2021,67,11754,1365,5094,156,,6.62099E+11,94
11,ADG,CTCP Clever Group,Quarter 1 Year 2021,108,3974,3131,2367,193,,1.01342E+12,407
12,ADS,CTCP Damsan,Quarter 1 Year 2021,86,15729,1026,2556,369,2723,4.60339E+11,104
13,AGG,CTCP Đầu tư và Phát triển Bất động sản An Gia,Quarter 1 Year 2021,5,9937,794,1543,24,8081,3.48794E+12,153
14,AGM,CTCP Xuất Nhập khẩu An Giang,Quarter 1 Year 2021,32,9015,1045,-214,59,,2.5298E+11,57
15,AGR,CTCP Chứng khoán Agribank,Quarter 1 Year 2021,164,0,2054,-7541,178,,2.4816E+12,120
16,AMD,CTCP Đầu tư và Khoáng sản FLC Stone,Quarter 1 Year 2021,8,1757,3598,693,10,5246,6.5729E+11,33
17,ANV,CTCP Nam Việt,Quarter 1 Year 2021,132,8014,1301,-914,270,,2.89216E+12,121
18,APC,CTCP Chiếu xạ An Phú,Quarter 1 Year 2021,98,5178,1215,5300,155,,4.87673E+11,75
19,APG,CTCP Chứng khoán APG,Quarter 1 Year 2021,210,0,981,-453,217,,3.15788E+11,77
20,APH,CTCP Tập đoàn An Phát Holdings,Quarter 1 Year 2021,18,11818,6995,-1445,44,4086,6.78695E+12,152
21,ASG,CTCP Tập đoàn ASG,Quarter 1 Year 2021,84,3983,2372,-58,126,5535,2.2444E+12,170
22,ASM,CTCP Tập đoàn Sao Mai,Quarter 1 Year 2021,64,11736,839,1173,164,3051,3.92185E+12,56
23,ASP,CTCP Tập đoàn Dầu khí An Pha,Quarter 1 Year 2021,35,11797,550,1916,125,2054,2.72952E+11,53
24,AST,CTCP Dịch vụ Hàng không Taseco,Quarter 1 Year 2021,-499,827,-2971,57,-577,-12677,2.7675E+12,544
26,BBC,CTCP Bibica,Quarter 1 Year 2021,50,1354,936,2458,68,,9.4221E+11,85
27,BCE,CTCP Xây dựng và Giao thông Bình Dương,Quarter 1 Year 2021,103,2254,912,10057,253,,4.4625E+11,107
28,BCG,CTCP Tập đoàn Bamboo Capital,Quarter 1 Year 2021,44,16553,575,-1015,305,2095,3.01133E+12,63
29,BCM,Tổng Công ty Đầu tư và Phát triển Công nghiệp – CTCP,Quarter 1 Year 2021,96,8241,2919,759,267,10068,5.95125E+13,349
30,BFC,CTCP Phân bón Bình Điền,Quarter 1 Year 2021,181,7667,691,1549,453,1576,1.2577E+12,101
31,BHN,Tổng Công ty cổ phần Bia - Rượu - Nước giải khát Hà Nội,Quarter 1 Year 2021,89,537,1928,2511,117,8962,1.64578E+13,322
32,BIC,Tổng Công ty cổ phần Bảo hiểm Ngân hàng Đầu tư và Phát triển Việt Nam,Quarter 1 Year 2021,134,0,840,2110,672,,2.52145E+12,215
33,BID,Ngân hàng TMCP Đầu tư và Phát triển Việt Nam,Quarter 1 Year 2021,17,62,2042,2682,327,,1.72746E+14,210
34,BKG,CTCP Đầu tư BKG Việt Nam,Quarter 1 Year 2021,128,933,1956,3608,152,4387,3.744E+11,98
35,BMC,CTCP Khoáng sản Bình Định,Quarter 1 Year 2021,54,0,1652,463,67,,2.23067E+11,110
36,BMI,Tổng Công ty cổ phần Bảo Minh,Quarter 1 Year 2021,104,0,1078,1722,768,,2.3478E+12,257
37,BMP,CTCP Nhựa Bình Minh,Quarter 1 Year 2021,284,231,950,2669,345,,4.77249E+12,200
38,BRC,CTCP Cao su Bến Thành,Quarter 1 Year 2021,187,1531,771,8505,264,,1.70775E+11,80
39,BSI,CTCP Chứng khoán Ngân hàng Đầu tư và Phát triển Việt Nam,Quarter 1 Year 2021,178,9700,717,1532,403,,1.78709E+12,116
40,BTP,CTCP Nhiệt điện Bà Rịa,Quarter 1 Year 2021,103,3024,978,837,148,,8.95187E+11,72
41,BTT,CTCP Thương mại Dịch vụ Bến Thành,Quarter 1 Year 2021,40,0,7093,1283,54,,7.155E+11,195
42,BVH,Tập đoàn Bảo Việt,Quarter 1 Year 2021,32,1875,2336,1792,632,6534,4.42424E+13,596
43,BWE,CTCP Nước - Môi trường Bình Dương,Quarter 1 Year 2021,205,10045,884,2041,500,2642,5.94375E+12,170
44,C32,CTCP CIC39,Quarter 1 Year 2021,79,4391,625,3890,136,3712,4.26856E+11,77
45,C47,CTCP Xây dựng 47,Quarter 1 Year 2021,32,20556,859,1750,165,2187,2.36835E+11,77
46,CAV,CTCP Dây Cáp điện Việt Nam,Quarter 1 Year 2021,90,18643,986,523,330,,3.62183E+12,221
47,CCI,CTCP Đầu tư Phát triển Công nghiệp Thương mại Củ Chi,Quarter 1 Year 2021,133,0,935,6684,341,,2.87674E+11,112
48,CCL,CTCP Đầu Tư và Phát triển Đô Thị Dầu khí Cửu Long,Quarter 1 Year 2021,189,5325,930,1420,384,2821,6.74498E+11,115
49,CDC,CTCP Chương Dương,Quarter 1 Year 2021,68,8767,1051,1116,224,6596,3.41925E+11,134
50,CHP,CTCP Thủy điện Miền Trung,Quarter 1 Year 2021,-184,7920,1211,929,-339,,2.73258E+12,150
51,CIG,CTCP COMA 18,Quarter 1 Year 2021,1,11386,-135,3349,6,34472,2.21095E+11,142
52,CII,CTCP Đầu tư Hạ tầng Kỹ thuật Thành phố Hồ Chí Minh,Quarter 1 Year 2021,1,22031,10025,-13,6,4395,6.10232E+12,79
53,CKG,CTCP Tập đoàn Tư vấn Đầu tư Xây dựng Kiên Giang,Quarter 1 Year 2021,95,17146,491,2936,594,5182,7.79622E+11,84
54,CLC,CTCP Cát Lợi,Quarter 1 Year 2021,245,159,793,1976,313,,1.00637E+12,133
55,CLL,CTCP Cảng Cát Lái,Quarter 1 Year 2021,307,20,1291,5359,335,,1.0846E+12,167
56,CLW,CTCP Cấp nước Chợ Lớn,Quarter 1 Year 2021,148,2315,1658,2822,303,,4.355E+11,188
57,CMG,CTCP Tập đoàn Công nghệ CMC,Quarter 1 Year 2021,86,5531,1800,2327,187,3174,3.6E+12,151
58,CMV,CTCP Thương nghiệp Cà Mau,Quarter 1 Year 2021,124,10213,802,2610,342,,3.01387E+11,122
59,CMX,CTCP Camimex Group,Quarter 1 Year 2021,53,11885,827,1313,148,2628,4.69815E+11,83
60,CNG,CTCP CNG Việt Nam,Quarter 1 Year 2021,147,89,1266,913,289,,6.45292E+11,124
61,COM,CTCP Vật tư Xăng Dầu,Quarter 1 Year 2021,253,0,1493,4697,292,,6.56609E+11,144
62,CRC,CTCP Create Capital Việt Nam,Quarter 1 Year 2021,35,9153,2740,91,114,3476,1.83E+11,100
63,CRE,CTCP Bất động sản Thế Kỷ,Quarter 1 Year 2021,280,7806,707,881,585,2596,3.05279E+12,141
64,CSM,CTCP Công nghiệp Cao su Miền Nam,Quarter 1 Year 2021,33,19066,2252,798,104,,1.95852E+12,152
65,CSV,CTCP Hóa chất Cơ bản Miền Nam,Quarter 1 Year 2021,298,650,796,764,371,2179,1.35694E+12,130
66,CTD,CTCP Xây dựng Coteccons,Quarter 1 Year 2021,40,0,1401,7991,65,,5.41528E+12,65
67,CTF,CTCP City Auto,Quarter 1 Year 2021,97,8608,5929,280,244,6561,1.40015E+12,180
68,CTG,Ngân hàng TMCP Công Thương Việt Nam,Quarter 1 Year 2021,48,14171,843,1473,729,,1.49495E+14,163
69,CTI,CTCP Đầu tư Phát triển Cường Thuận IDICO,Quarter 1 Year 2021,56,20379,1068,3518,185,3655,1.0412E+12,77
70,CTR,Tổng Công ty cổ phần Công trình Viettel,Quarter 1 Year 2021,192,916,2135,1487,650,4844,6.73314E+12,589
71,CTS,CTCP Chứng khoán Ngân hàng Công thương Việt Nam,Quarter 1 Year 2021,87,20371,677,4258,274,,1.76091E+12,119
72,CVT,CTCP CMC,Quarter 1 Year 2021,13,4724,1605,574,24,,1.88224E+12,251
73,D2D,CTCP Phát triển Đô thị Công nghiệp số 2,Quarter 1 Year 2021,237,0,523,2692,474,,1.75507E+12,173
74,DAG,CTCP Tập đoàn Nhựa Đông Á,Quarter 1 Year 2021,18,12573,3209,969,48,,3.75505E+11,55
75,DAH,CTCP Tập đoàn Khách sạn Đông Á,Quarter 1 Year 2021,-90,7875,-679,174,-169,,2.0862E+11,65
76,DAT,CTCP Đầu tư du lịch và Phát triển Thủy sản,Quarter 1 Year 2021,71,12811,2083,532,175,,1.22834E+12,189
77,DBC,CTCP Tập đoàn Dabaco Việt Nam,Quarter 1 Year 2021,354,8041,423,1365,836,1635,6.08678E+12,134
78,DBD,CTCP Dược - Trang thiết bị Y tế Bình Định (BIDIPHAR),Quarter 1 Year 2021,259,1306,1545,727,379,,2.43114E+12,241
79,DBT,CTCP Dược phẩm Bến Tre,Quarter 1 Year 2021,-4,17418,4854,3647,-13,9889,1.76143E+11,75
80,DC4,CTCP Xây dựng DIC Holdings,Quarter 1 Year 2021,104,1039,1903,2616,174,,5.85596E+11,156
81,DCL,CTCP Dược phẩm Cửu Long,Quarter 1 Year 2021,64,2955,2327,5,118,5595,1.64815E+12,168
82,DCM,CTCP Phân bón Dầu khí Cà Mau,Quarter 1 Year 2021,176,791,1268,1592,238,1891,9.23803E+12,144
83,DGC,CTCP Tập đoàn Hóa chất Đức Giang,Quarter 1 Year 2021,478,2504,957,8090,678,,1.00417E+13,233
84,DGW,CTCP Thế Giới Số,Quarter 1 Year 2021,332,5340,1609,19294,880,,5.06973E+12,401
85,DHA,CTCP Hóa An,Quarter 1 Year 2021,377,0,752,5421,411,,7.5103E+11,168
86,DHC,CTCP Đông Hải Bến Tre,Quarter 1 Year 2021,705,2860,985,3486,1213,,4.67565E+12,321
87,DHG,CTCP Dược Hậu Giang,Quarter 1 Year 2021,447,1163,1699,5390,557,,1.30354E+13,346
88,DHM,CTCP Thương mại và Khai thác Khoáng sản Dương Hiếu,Quarter 1 Year 2021,1,4547,-649,7560,3,,3.20241E+11,115
89,DIG,Tổng Công ty cổ phần Đầu tư Phát triển Xây dựng,Quarter 1 Year 2021,35,3245,1287,38,86,13177,8.69244E+12,181
90,DLG,CTCP Tập đoàn Đức Long Gia Lai,Quarter 1 Year 2021,14,15642,-90,268,46,2984,7.2433E+11,29
91,DMC,CTCP Xuất nhập khẩu Y Tế Domesco,Quarter 1 Year 2021,162,0,1175,-2761,179,,1.89612E+12,142
92,DPG,CTCP Tập đoàn Đạt Phương,Quarter 1 Year 2021,205,15544,568,5761,665,1419,1.43549E+12,94
93,DPM,Tổng Công ty Phân bón và Hóa chất Dầu khí - CTCP,Quarter 1 Year 2021,151,1241,1023,6480,208,1745,7.76799E+12,95
94,DPR,CTCP Cao su Đồng Phú,Quarter 1 Year 2021,107,490,1244,14152,169,1934,2.00624E+12,85
95,DQC,CTCP Bóng đèn Điện Quang,Quarter 1 Year 2021,55,1284,3194,10819,81,3607,6.68283E+11,72
96,DRC,CTCP Cao su Đà Nẵng,Quarter 1 Year 2021,259,2028,1230,499,370,,3.42123E+12,195
97,DRH,CTCP DRH Holdings,Quarter 1 Year 2021,25,4905,1571,2598,74,9749,7.21229E+11,84
98,DRL,CTCP Thủy điện - Điện Lực 3,Quarter 1 Year 2021,987,0,892,229,1050,,5.4245E+11,417
99,DSN,CTCP Công viên nước Đầm Sen,Quarter 1 Year 2021,33,367,1565,6514,37,43581,5.70318E+11,351
100,DTA,CTCP Đệ Tam,Quarter 1 Year 2021,28,1131,-31904,8927,85,,2.00464E+11,108
101,DTL,CTCP Đại Thiên Lộc,Quarter 1 Year 2021,5,8319,832,458,11,,7.88203E+11,78
102,DTT,CTCP Kỹ nghệ Đô Thành,Quarter 1 Year 2021,101,2978,1302,-1992,139,,1.05974E+11,84
103,DVP,CTCP Đầu tư và Phát triển Cảng Đình Vũ,Quarter 1 Year 2021,374,0,766,1084,404,,1.88E+12,147
104,DXG,CTCP Tập đoàn Đất Xanh,Quarter 1 Year 2021,217,7374,2231,7085,566,1629,1.24389E+13,129
106,DXV,CTCP VICEM Vật liệu Xây dựng Đà Nẵng,Quarter 1 Year 2021,-110,0,-2689,802,-130,,46431000000,43
107,EIB,Ngân hàng TMCP Xuất nhập khẩu Việt Nam,Quarter 1 Year 2021,11,0,2820,38,102,,2.47116E+13,145
108,ELC,CTCP Công Nghệ - Viễn Thông Elcom,Quarter 1 Year 2021,45,2096,1995,2396,76,6225,6.83352E+11,79
109,EMC,CTCP Cơ điện Thủ Đức,Quarter 1 Year 2021,14,10201,11897,627,40,,3.33482E+11,206
110,EVE,CTCP Everpia,Quarter 1 Year 2021,33,695,1151,46,48,,6.62035E+11,70
111,EVF,Công ty Tài chính Cổ phần Điện lực,Quarter 1 Year 2021,41,2790,1161,2332,316,,3.17978E+12,84
112,EVG,CTCP Tập đoàn EverLand,Quarter 1 Year 2021,27,29,4764,1105,35,,1.428E+12,108
113,FCM,CTCP Khoáng sản FECON,Quarter 1 Year 2021,45,2805,1736,115,67,2474,2.8126E+11,49
114,FCN,CTCP FECON,Quarter 1 Year 2021,26,6173,1441,469,71,,1.84395E+12,73
115,FDC,CTCP Ngoại thương và  Phát triển Đầu tư Thành phố Hồ Chí Minh,Quarter 1 Year 2021,3,1559,-13345,251,6,,4.82794E+11,82
116,FIR,CTCP Địa ốc First Real,Quarter 1 Year 2021,108,900,1585,-5116,161,8513,6.96276E+11,187
117,FIT,CTCP Tập đoàn F.I.T,Quarter 1 Year 2021,19,976,4045,3264,24,5999,2.76382E+12,68
118,FMC,CTCP Thực phẩm Sao Ta,Quarter 1 Year 2021,162,3953,810,155,252,,2.08035E+12,162
119,FPT,CTCP FPT,Quarter 1 Year 2021,210,8353,1619,4738,473,3836,6.09094E+13,309
120,FRT,CTCP Bán lẻ Kỹ thuật số FPT,Quarter 1 Year 2021,48,37967,12816,4805,249,,2.405E+12,191
121,FTS,CTCP Chứng khoán FPT,Quarter 1 Year 2021,396,2551,540,3871,640,,2.26834E+12,97
122,GAB,CTCP Đầu tư Khai Khoáng và Quản lý Tài sản FLC,Quarter 1 Year 2021,15,1659,116145,1945,21,,2.63856E+12,1629
123,GAS,Tổng Công ty Khí Việt Nam - CTCP,Quarter 1 Year 2021,308,823,2305,-181,402,4868,1.71681E+14,333
124,GDT,CTCP Chế biến Gỗ Đức Thành,Quarter 1 Year 2021,454,2013,1120,7761,644,,9.3279E+11,324
125,GEG,CTCP Điện Gia Lai,Quarter 1 Year 2021,84,11781,1806,3524,190,3689,5.4235E+12,163
126,GEX,CTCP Tập đoàn GELEX,Quarter 1 Year 2021,89,16868,1146,818,303,3478,1.14709E+13,134
127,GIL,CTCP Sản xuất Kinh doanh và Xuất nhập khẩu Bình Thạnh,Quarter 1 Year 2021,260,5803,708,446,536,,2.58364E+12,190
128,GMC,CTCP Garmex Sài Gòn,Quarter 1 Year 2021,18,5596,4191,6376,34,,1.03348E+12,156
129,GMD,CTCP Gemadept,Quarter 1 Year 2021,148,2745,2536,-1998,220,3721,1.02016E+13,151
131,GSP,CTCP Vận tải Sản Phẩm Khí Quốc tế,Quarter 1 Year 2021,164,4657,735,1582,318,,4.536E+11,95
132,GTA,CTCP Chế biến gỗ Thuận An,Quarter 1 Year 2021,89,16342,902,1454,273,,1.63178E+11,105
133,GVR,Tập đoàn Công nghiệp Cao su Việt Nam - CTCP,Quarter 1 Year 2021,103,2221,2259,945,158,5911,1.112E+14,213
134,HAG,CTCP Hoàng Anh Gia Lai,Quarter 1 Year 2021,-21,18359,-365,1007,-79,4090,5.14707E+12,108
135,HAH,CTCP Vận tải và Xếp dỡ Hải An,Quarter 1 Year 2021,310,3069,679,1264,485,912,1.18008E+12,83
136,HAI,CTCP Nông dược H.A.I,Quarter 1 Year 2021,6,1233,9055,13273,8,13204,7.38039E+11,35
137,HAP,CTCP Tập đoàn Hapaco,Quarter 1 Year 2021,66,458,1952,133,74,,8.51482E+11,118
138,HAR,CTCP Đầu tư Thương mại Bất động sản An Dương Thảo Điền,Quarter 1 Year 2021,0,2045,-153596,52,0,10041,5.77932E+11,56
139,HAS,CTCP Hacisco,Quarter 1 Year 2021,25,4322,2964,-467,38,,93210000000,66
140,HAX,CTCP Dịch vụ Ô tô Hàng Xanh,Quarter 1 Year 2021,445,7836,439,52,981,,7.78981E+11,131
141,HBC,CTCP Tập đoàn Xây dựng Hòa Bình,Quarter 1 Year 2021,5,11881,5778,4531,18,6166,4.09804E+12,99
142,HCD,CTCP Đầu tư Sản xuất và Thương mại HCD,Quarter 1 Year 2021,35,1743,9268,-4468,48,,1.1259E+11,33
143,HCM,CTCP Chứng khoán Thành phố Hồ Chí Minh,Quarter 1 Year 2021,234,17739,1157,1306,699,,9.42579E+12,198
144,HDB,Ngân hàng TMCP Phát triển TP. HCM,Quarter 1 Year 2021,48,8791,649,1865,612,,4.20755E+13,159
145,HDC,CTCP Phát triển Nhà Bà Rịa - Vũng Tàu,Quarter 1 Year 2021,233,10084,1045,3675,652,3654,2.86683E+12,231
146,HDG,CTCP Tập đoàn Hà Đô,Quarter 1 Year 2021,231,15346,608,4284,773,1994,6.66468E+12,153
147,HHP,CTCP Giấy Hoàng Hà Hải Phòng,Quarter 1 Year 2021,141,7646,1367,4957,296,2940,3.294E+11,138
148,HHS,CTCP Đầu tư Dịch vụ Hoàng Huy,Quarter 1 Year 2021,138,0,731,1194,145,,1.98365E+12,52
149,HHV,CTCP Đầu tư Hạ tầng Giao thông Đèo Cả,Quarter 1 Year 2021,13,50420,2944,690,57,9776,5.88245E+12,141
150,HID,CTCP Halcom Việt Nam,Quarter 1 Year 2021,-68,9158,5093,1052,-141,54473,2.71468E+11,36
151,HII,CTCP An Tiến Industries,Quarter 1 Year 2021,147,9739,1176,94,400,2342,6.90193E+11,116
152,HMC,CTCP Kim khí Thành phố Hồ Chí Minh - VNSTEEL,Quarter 1 Year 2021,699,2662,302,-783,1570,,3.801E+11,86
153,HNG,CTCP Nông nghiệp Quốc tế Hoàng Anh Gia Lai,Quarter 1 Year 2021,3,13417,50305,129,8,,1.28592E+13,147
154,HOT,CTCP Du lịch Dịch vụ Hội An,Quarter 1 Year 2021,-856,0,-1061,-3499,-990,,3.20397E+11,453
155,HPG,CTCP Tập đoàn Hòa Phát,Quarter 1 Year 2021,516,8390,804,-2378,1112,2013,1.55062E+14,234
156,HPX,CTCP Đầu tư Hải Phát,Quarter 1 Year 2021,75,6953,2810,1636,153,11107,9.28376E+12,252
157,HQC,CTCP Tư vấn Thương mại Dịch vụ Địa Ốc Hoàng Quân,Quarter 1 Year 2021,2,745,20797,470,2,,1.51082E+12,35
158,HRC,CTCP Cao su Hòa Bình,Quarter 1 Year 2021,18,4871,16945,38,34,,1.69157E+12,314
159,HSG,CTCP Tập đoàn Hoa Sen,Quarter 1 Year 2021,326,10472,815,325,837,1570,1.26181E+13,178
160,HSL,CTCP Đầu tư Phát triển Thực phẩm Hồng Hà,Quarter 1 Year 2021,188,283,817,486,206,,1.18125E+11,47
161,HT1,CTCP Xi Măng Vicem Hà Tiên,Quarter 1 Year 2021,99,4108,1156,474,174,,7.00129E+12,128
162,HTI,CTCP Đầu tư Phát triển Hạ tầng IDICO,Quarter 1 Year 2021,88,0,788,668,313,,4.74035E+11,101
163,HTL,CTCP Kỹ thuật và Ô tô Trường Long,Quarter 1 Year 2021,171,1335,714,2216,316,,2.28E+11,119
164,HTN,CTCP Hưng Thịnh Incons,Quarter 1 Year 2021,66,15253,513,3267,323,4230,2.19821E+12,165
165,HTV,CTCP Logistics Vicem,Quarter 1 Year 2021,98,0,788,983,119,,1.93939E+11,57
166,HU1,CTCP Đầu tư và Xây dựng HUD1,Quarter 1 Year 2021,2,6907,1904,1344,12,,99900000000,65
167,HU3,CTCP Đầu tư và Xây dựng HUD3,Quarter 1 Year 2021,2,2823,1798,432,4,,79999552000,53
168,HUB,CTCP Xây lắp Thừa Thiên Huế,Quarter 1 Year 2021,135,162,702,-983,221,2341,5.10736E+11,109
169,HVH,CTCP Đầu tư và Công nghệ HVC,Quarter 1 Year 2021,74,701,1263,2839,98,,4.54485E+11,96
170,HVN,Tổng Công ty Hàng không Việt Nam - CTCP,Quarter 1 Year 2021,-794,333210,-353,623,-13769,-2269,4.63072E+13,4494
171,HVX,CTCP Xi măng VICEM Hải Vân,Quarter 1 Year 2021,6,4672,4323,-4727,10,,1.75652E+11,40
172,IBC,CTCP Đầu tư Apax Holdings,Quarter 1 Year 2021,7,13548,3022,46,23,2999,1.97447E+12,187
173,ICT,CTCP Viễn thông - Tin học Bưu điện,Quarter 1 Year 2021,84,8152,970,-1048,243,,7.40255E+11,104
174,IDI,CTCP Đầu tư và Phát triển Đa Quốc Gia - IDI,Quarter 1 Year 2021,25,13420,1526,303,63,4421,1.54798E+12,51
175,IJC,CTCP Phát triển Hạ tầng Kỹ thuật,Quarter 1 Year 2021,441,3819,784,2368,1075,,5.95932E+12,177
176,ILB,CTCP ICD Tân Cảng - Long Bình,Quarter 1 Year 2021,115,8019,1060,2383,366,2029,6.90963E+11,150
177,IMP,CTCP Dược phẩm Imexpharm,Quarter 1 Year 2021,196,1380,2125,4086,239,,4.90036E+12,276
178,ITA,CTCP Đầu tư và Công nghiệp Tân Tạo,Quarter 1 Year 2021,42,244,3361,3509,53,7734,6.46504E+12,60
179,ITC,CTCP Đầu tư và Kinh doanh Nhà,Quarter 1 Year 2021,50,4287,900,-186,115,5009,1.37958E+12,70
180,ITD,CTCP Công nghệ Tiên Phong,Quarter 1 Year 2021,28,2154,692,1570,48,,2.48803E+11,73
181,JVC,CTCP Thiết bị Y tế Việt Nhật,Quarter 1 Year 2021,-6,1742,-748,1384,-8,,5.81626E+11,128
182,KBC,Tổng Công ty Phát triển Đô thị Kinh Bắc - CTCP,Quarter 1 Year 2021,244,5319,2369,-48,544,2365,1.79214E+13,158
183,KDC,CTCP Tập đoàn KIDO,Quarter 1 Year 2021,74,4716,3900,5634,121,5627,1.20093E+13,153
184,KDH,CTCP Đầu tư và Kinh doanh Nhà Khang Điền,Quarter 1 Year 2021,149,2649,1385,1354,248,6549,1.70157E+13,203
186,KHP,CTCP Điện lực Khánh Hòa,Quarter 1 Year 2021,-387,14929,-1651,1091,-1229,,4.05954E+11,69
187,KMR,CTCP Mirae,Quarter 1 Year 2021,40,3482,10794,989,74,,1.92816E+11,32
188,KOS,CTCP KOSY,Quarter 1 Year 2021,37,3806,9446,311,60,,4.05977E+12,235
189,KPF,CTCP Đầu tư tài sản Koji,Quarter 1 Year 2021,20,15066,692,106,123,,2.71971E+11,104
190,KSB,CTCP Khoáng sản và Xây dựng Bình Dương,Quarter 1 Year 2021,131,3960,591,982,318,,2.15558E+12,133
191,L10,CTCP Lilama 10,Quarter 1 Year 2021,36,5796,1039,2002,149,,1.93353E+11,76
192,LAF,CTCP Chế biến hàng Xuất khẩu Long An,Quarter 1 Year 2021,237,4918,815,1698,343,,2.27548E+11,139
193,LBM,CTCP Khoáng sản và Vật liệu Xây dựng Lâm Đồng,Quarter 1 Year 2021,381,0,840,1748,447,,5.95E+11,151
194,LCG,CTCP Lizen,Quarter 1 Year 2021,96,6584,472,8411,305,2599,1.7633E+12,93
195,LDG,CTCP Đầu tư LDG,Quarter 1 Year 2021,1,2303,17187,1068,1,14674,2.03291E+12,65
196,LEC,CTCP Bất động sản Điện lực Miền Trung,Quarter 1 Year 2021,1,10266,19886,-96,3,,3.53655E+11,103
197,LGC,CTCP Đầu tư Cầu đường CII,Quarter 1 Year 2021,62,13612,3613,-395,166,7423,1.29213E+13,285
198,LGL,CTCP Đầu tư và Phát triển Đô thị Long Giang,Quarter 1 Year 2021,10,3633,581,1514,24,11751,3.38851E+11,45
199,LHG,CTCP Long Hậu,Quarter 1 Year 2021,118,1551,1006,239,251,2683,1.6604E+12,126
200,LIX,CTCP Bột Giặt Lix,Quarter 1 Year 2021,427,807,946,4047,669,,1.98936E+12,292
201,LM8,CTCP Lilama 18,Quarter 1 Year 2021,17,25507,1298,6580,88,,1.02337E+11,35
202,LPB,Ngân hàng TMCP Bưu điện Liên Việt,Quarter 1 Year 2021,36,20012,775,1517,598,,1.8645E+13,123
203,LSS,CTCP Mía Đường Lam Sơn,Quarter 1 Year 2021,29,3767,2870,3219,47,2684,8.67585E+11,56
204,MBB,Ngân hàng TMCP Quân Đội,Quarter 1 Year 2021,71,3664,720,667,684,,7.8785E+13,147
205,MCG,CTCP Năng lượng và Bất động sản MCG,Quarter 1 Year 2021,1,643,-7101,4328,5,10984,1.70204E+11,65
206,MCP,CTCP In và Bao bì Mỹ Châu,Quarter 1 Year 2021,110,4190,2001,-1632,184,,4.11689E+11,189
207,MDG,CTCP Miền Đông,Quarter 1 Year 2021,41,4257,1603,796,94,,1.39385E+11,92
208,MHC,CTCP MHC,Quarter 1 Year 2021,1075,5670,145,2128,1797,396,3.31255E+11,53
209,MIG,Tổng Công ty cổ phần Bảo hiểm Quân Đội,Quarter 1 Year 2021,67,0,1061,-476,288,,2.145E+12,165
210,MSB,Ngân hàng TMCP Hàng hải Việt Nam,Quarter 1 Year 2021,49,0,897,1037,519,,2.52805E+13,142
211,MSH,CTCP May Sông Hồng,Quarter 1 Year 2021,347,3573,950,2855,624,,2.47046E+12,161
212,MSN,CTCP Tập đoàn Masan,Quarter 1 Year 2021,16,24912,7233,5322,74,5677,1.08658E+14,428
213,MWG,CTCP Đầu tư Thế giới Di động,Quarter 1 Year 2021,279,10964,1432,2628,825,2915,6.04563E+13,357
214,NAF,CTCP Nafoods Group,Quarter 1 Year 2021,76,7111,1585,3646,153,4694,9.46599E+11,124
215,NAV,CTCP Nam Việt,Quarter 1 Year 2021,156,0,677,1245,248,,1.664E+11,146
216,NBB,CTCP Đầu tư Năm Bảy Bảy,Quarter 1 Year 2021,80,3525,636,2919,184,5997,2.191E+12,124
217,NCT,CTCP Dịch vụ Hàng hóa Nội Bài,Quarter 1 Year 2021,999,0,914,166,1177,,1.863E+12,405
218,NHA,Tổng Công ty Đầu tư Phát triển Nhà và Đô thị Nam Hà Nội,Quarter 1 Year 2021,18,912,2677,9065,21,,9.46483E+11,335
219,NHH,CTCP Nhựa Hà Nội,Quarter 1 Year 2021,65,12670,1860,46,187,5904,2.29572E+12,374
220,NHT,CTCP Sản xuất và Thương mại Nam Hoa,Quarter 1 Year 2021,102,11337,1036,1932,261,4364,5.93941E+11,176
221,NKG,CTCP Thép Nam Kim,Quarter 1 Year 2021,357,10183,729,3837,954,,4.1108E+12,117
222,NLG,CTCP Đầu tư Nam Long,Quarter 1 Year 2021,219,2705,843,-273,442,2913,9.63447E+12,98
223,NNC,CTCP Đá Núi Nhỏ,Quarter 1 Year 2021,330,0,624,1452,429,,7.20072E+11,243
225,NSC,CTCP Tập đoàn Giống cây trồng Việt Nam,Quarter 1 Year 2021,182,2540,623,1588,274,2772,1.29348E+12,106
226,NT2,CTCP Điện lực Dầu khí Nhơn Trạch 2,Quarter 1 Year 2021,173,1248,1139,12504,273,,6.39085E+12,155
227,NTL,CTCP Phát triển Đô thị Từ Liêm,Quarter 1 Year 2021,75,1070,551,2535,114,,1.64063E+12,139
228,NVL,CTCP Tập đoàn Đầu tư Địa ốc No Va ,Quarter 1 Year 2021,36,11956,1915,1821,154,7320,7.97779E+13,211
229,NVT,CTCP Bất động sản Du lịch Ninh Vân Bay,Quarter 1 Year 2021,-33,590,426289,1165,-45,17147,9.3215E+11,234
230,OCB,Ngân hàng TMCP Phương Đông,Quarter 1 Year 2021,65,6004,723,-135,564,,2.64661E+13,143
231,OGC,CTCP Tập đoàn Đại Dương,Quarter 1 Year 2021,-26,1268,3217,2562,-80,,2.148E+12,178
232,OPC,CTCP Dược phẩm OPC,Quarter 1 Year 2021,307,2296,1412,125,507,,1.56806E+12,210
233,ORS,CTCP Chứng khoán Tiên Phong,Quarter 1 Year 2021,412,0,833,3375,964,,1.9E+12,180
234,PAC,CTCP Pin Ắc quy Miền Nam,Quarter 1 Year 2021,164,17566,925,749,535,,1.46386E+12,190
235,PAN,CTCP Tập đoàn Pan,Quarter 1 Year 2021,19,7584,3047,3398,37,3855,5.91172E+12,97
236,PC1,CTCP Tập Đoàn PC1,Quarter 1 Year 2021,67,9120,959,1884,158,4063,5.35326E+12,104
237,PDN,CTCP Cảng Đồng Nai,Quarter 1 Year 2021,373,3076,950,1869,587,,1.58363E+12,240
238,PDR,CTCP Phát triển Bất động sản Phát Đạt,Quarter 1 Year 2021,153,3172,1763,12642,417,8660,2.70187E+13,393
239,PET,Tổng Công ty cổ phần Dịch vụ Tổng hợp Dầu khí,Quarter 1 Year 2021,75,13852,1315,1850,282,2508,1.91376E+12,110
240,PGC,Tổng Công ty Gas Petrolimex - CTCP,Quarter 1 Year 2021,164,11351,829,1518,419,,1.10723E+12,137
241,PGD,CTCP Phân phối khí thấp áp Dầu khí Việt Nam,Quarter 1 Year 2021,138,0,1401,2011,317,,2.74494E+12,201
242,PGI,Tổng Công ty cổ phần Bảo hiểm Petrolimex,Quarter 1 Year 2021,89,0,940,4586,644,,1.7921E+12,202
243,PGV,Tổng Công ty Phát điện 3 - CTCP,Quarter 1 Year 2021,108,30778,589,1930,512,2745,1.85105E+13,117
244,PHC,CTCP Xây dựng Phục Hưng Holdings,Quarter 1 Year 2021,18,21394,3315,1937,88,5959,3.23141E+11,80
245,PHR,CTCP Cao su Phước Hòa,Quarter 1 Year 2021,134,1665,826,398,253,6706,7.91315E+12,239
246,PIT,CTCP Xuất nhập khẩu Petrolimex,Quarter 1 Year 2021,29,15953,9208,6538,81,,93645382750,77
247,PJT,CTCP Vận tải Xăng dầu đường Thủy Petrolimex,Quarter 1 Year 2021,120,9266,719,223,277,,1.95846E+11,85
248,PLP,CTCP Sản xuất và Công nghệ Nhựa Pha Lê,Quarter 1 Year 2021,70,16636,743,996,205,,4.29998E+11,95
249,PLX,Tập đoàn Xăng Dầu Việt Nam,Quarter 1 Year 2021,105,5734,2132,356,261,4319,6.85341E+13,259
250,PMG,CTCP Đầu tư và Sản xuất Petro Miền Trung,Quarter 1 Year 2021,33,4365,-14693,1034,64,7825,1.5708E+12,198
251,PNC,CTCP Văn hóa Phương Nam,Quarter 1 Year 2021,-27,0,791,194,-84,,1.03674E+11,62
252,PNJ,CTCP Vàng bạc Đá quý Phú Nhuận,Quarter 1 Year 2021,617,1933,1625,1228,932,,1.92125E+13,334
253,POM,CTCP Thép Pomina,Quarter 1 Year 2021,64,19353,3211,7526,210,3705,4.69346E+12,131
254,POW,Tổng Công ty Điện lực Dầu khí Việt Nam - CTCP,Quarter 1 Year 2021,91,4041,1380,-4189,162,2360,3.09127E+13,98
255,PPC,CTCP Nhiệt điện Phả Lại,Quarter 1 Year 2021,199,0,779,807,218,,7.87105E+12,126
256,PSH,CTCP Thương mại Đầu tư Dầu khí Nam Sông Hậu,Quarter 1 Year 2021,44,19403,6190,1163,274,4134,2.49147E+12,154
257,PTB,CTCP Phú Tài,Quarter 1 Year 2021,199,9857,1003,-1583,486,2751,3.98412E+12,191
258,PTC,CTCP Đầu Tư Icapital,Quarter 1 Year 2021,426,121,314,8086,494,,1.58768E+11,58
259,PTL,CTCP Victory Capital,Quarter 1 Year 2021,-26,0,3104414,-1518,-42,,6.03077E+11,83
260,PVD,Tổng Công ty cổ phần Khoan và Dịch vụ khoan Dầu khí ,Quarter 1 Year 2021,-50,2912,17234,-1139,-74,444876,9.51753E+12,68
261,PVP,CTCP Vận tải Dầu khí Thái Bình Dương,Quarter 1 Year 2021,132,3845,575,-193,211,,1.38584E+12,94
262,PVT,Tổng Công ty cổ phần Vận tải Dầu khí,Quarter 1 Year 2021,121,4356,708,2411,214,1453,5.51825E+12,86
263,QBS,CTCP Xuất nhập khẩu Quảng Bình,Quarter 1 Year 2021,17,5490,-1564,2604,34,8609,2.49588E+11,40
264,QCG,CTCP Quốc Cường Gia Lai,Quarter 1 Year 2021,17,1137,7854,-638,40,5735,2.47066E+12,58
265,RAL,CTCP Bóng đèn Phích nước Rạng Đông,Quarter 1 Year 2021,257,16120,688,88,967,,2.553E+12,214
266,RDP,CTCP Rạng Đông Holding,Quarter 1 Year 2021,53,26066,3651,25285,243,3350,4.92839E+11,102
267,REE,CTCP Cơ Điện Lạnh,Quarter 1 Year 2021,201,4549,912,254,335,2895,1.62561E+13,129
268,S4A,CTCP Thủy điện Sê San 4A,Quarter 1 Year 2021,160,9465,1140,7966,313,,1.13518E+12,227
269,SAB,Tổng Công ty cổ phần Bia - Rượu - Nước giải khát Sài Gòn,Quarter 1 Year 2021,339,416,2335,4112,434,8173,1.15431E+14,545
270,SAM,CTCP SAM HOLDINGS,Quarter 1 Year 2021,13,1076,2799,8146,19,8247,3.77997E+12,86
271,SAV,CTCP Hợp tác Kinh tế và Xuất nhập khẩu Savimex,Quarter 1 Year 2021,187,2475,1036,10,333,,5.49698E+11,175
272,SBA,CTCP Sông Ba,Quarter 1 Year 2021,220,4889,773,3212,350,,9.61548E+11,115
273,SBT,CTCP Thành Thành Công - Biên Hòa,Quarter 1 Year 2021,93,11079,1843,4056,233,3916,1.38243E+13,163
274,SBV,CTCP Siam Brothers Việt Nam,Quarter 1 Year 2021,46,5122,730,1203,79,,4.71339E+11,90
275,SC5,CTCP Xây dựng Số 5,Quarter 1 Year 2021,36,13785,803,478,222,,3.04165E+11,85
276,SCD,CTCP Nước giải khát Chương Dương,Quarter 1 Year 2021,-6,8917,7281,1508,-13,,1.94986E+11,101
277,SCR,CTCP Địa ốc Sài Gòn Thương Tín,Quarter 1 Year 2021,31,5574,1907,-5743,72,6872,3.15433E+12,64
278,SCS,CTCP Dịch vụ Hàng hóa Sài Gòn,Quarter 1 Year 2021,1177,0,1382,135,1266,,6.64769E+12,577
279,SFC,CTCP Nhiên liệu Sài Gòn,Quarter 1 Year 2021,234,4685,1236,6517,422,,2.60648E+11,156
280,SFG,CTCP Phân Bón Miền Nam,Quarter 1 Year 2021,22,7799,4157,1800,44,,4.55025E+11,81
281,SFI,CTCP Đại lý Vận tải SAFI,Quarter 1 Year 2021,278,0,575,939,406,,5.25531E+11,105
282,SGN,CTCP Phục vụ Mặt đất Sài Gòn,Quarter 1 Year 2021,330,0,4500,12836,384,,2.34064E+12,255
283,SGR,CTCP Tổng CTCP Địa ốc Sài Gòn,Quarter 1 Year 2021,-54,3863,2747,4127,-141,-38651,2.238E+12,305
284,SGT,CTCP Công nghệ Viễn Thông Sài Gòn,Quarter 1 Year 2021,35,14975,5835,3513,119,9438,1.17663E+12,120
285,SHA,CTCP Sơn Hà Sài Gòn,Quarter 1 Year 2021,51,10343,741,1298,116,,1.95265E+11,50
286,SHB,Ngân hàng TMCP Sài Gòn - Hà Nội,Quarter 1 Year 2021,32,12485,1276,539,536,,4.49882E+13,176
287,SHI,CTCP Quốc tế Sơn Hà,Quarter 1 Year 2021,72,17114,1686,2869,241,3450,1.33016E+12,98
288,SHP,CTCP Thủy điện Miền Nam,Quarter 1 Year 2021,-23,5374,3222,382,-38,,2.08974E+12,187
289,SII,CTCP Hạ tầng Nước Sài Gòn,Quarter 1 Year 2021,-70,6264,-1146,3161,-118,7562,1.29104E+12,90
290,SJD,CTCP Thủy điện Cần Đơn,Quarter 1 Year 2021,111,2682,1111,-1066,161,4657,1.20058E+12,133
291,SJF,CTCP Đầu tư Sao Thái Dương,Quarter 1 Year 2021,-21,2535,-979,2231,-29,5759,2.47104E+11,30
292,SJS,CTCP Đầu tư Phát triển Đô thị và Khu công nghiệp Sông Đà,Quarter 1 Year 2021,29,2783,8681,157,93,12115,4.49895E+12,206
293,SKG,CTCP Tàu cao tốc Superdong - Kiên Giang,Quarter 1 Year 2021,76,0,3900,1033,77,,8.61312E+11,98
294,SMA,CTCP Thiết bị Phụ tùng Sài Gòn,Quarter 1 Year 2021,-157,11146,-450,701,-397,,1.8053E+11,104
295,SMB,CTCP Bia Sài Gòn - Miền Trung,Quarter 1 Year 2021,357,939,781,1403,560,,1.31325E+12,252
296,SMC,CTCP Đầu tư Thương mại SMC,Quarter 1 Year 2021,284,15194,371,6189,1224,1365,1.83987E+12,101
297,SPM,CTCP SPM,Quarter 1 Year 2021,21,2804,2139,-8556,28,,1.72125E+11,22
298,SRC,CTCP Cao su Sao Vàng,Quarter 1 Year 2021,71,8419,784,1788,234,,6.03362E+11,138
299,SRF,CTCP Searefico,Quarter 1 Year 2021,29,14196,1155,989,103,6572,4.14658E+11,76
300,SSB,Ngân hàng TMCP Đông Nam Á,Quarter 1 Year 2021,30,11915,2115,-4054,398,,3.40261E+13,239
301,SSC,CTCP Giống cây trồng Miền Nam,Quarter 1 Year 2021,66,0,1416,2241,92,,6.37176E+11,184
302,SSI,CTCP Chứng khoán SSI,Quarter 1 Year 2021,116,21164,1137,3818,398,,2.05065E+13,179
303,ST8,CTCP Siêu Thanh,Quarter 1 Year 2021,131,1078,2696,1427,195,,2.93218E+11,87
304,STB,Ngân hàng TMCP Sài Gòn Thương Tín,Quarter 1 Year 2021,16,1849,1434,8147,273,,3.86884E+13,130
305,STG,CTCP Kho vận Miền Nam,Quarter 1 Year 2021,246,1070,955,2674,347,1526,1.54749E+12,91
306,STK,CTCP Sợi Thế Kỷ,Quarter 1 Year 2021,402,1856,1530,2452,627,,2.46149E+12,214
307,SVC,CTCP Dịch vụ Tổng hợp Sài Gòn,Quarter 1 Year 2021,143,7555,1016,3371,343,2222,2.33103E+12,129
308,SVD,CTCP Đầu tư & Thương mại Vũ Đăng,Quarter 1 Year 2021,63,16777,3412,9879,180,,1.677E+11,114
309,SVI,CTCP Bao bì Biên Hòa,Quarter 1 Year 2021,163,3978,837,-104,324,,1.11257E+12,190
310,SVT,CTCP Công nghệ Sài Gòn Viễn Đông,Quarter 1 Year 2021,236,0,467,9086,250,,1.72536E+11,97
311,SZC,CTCP Sonadezi Châu Đức,Quarter 1 Year 2021,167,16302,1819,1870,610,,3.855E+12,287
312,SZL,CTCP Sonadezi Long Thành,Quarter 1 Year 2021,124,150,939,1974,367,,9.42289E+11,164
313,TBC,CTCP Thủy điện Thác Bà,Quarter 1 Year 2021,431,2749,694,5455,582,1531,1.60973E+12,141
314,TCB,Ngân hàng TMCP Kỹ thương Việt Nam,Quarter 1 Year 2021,97,1201,992,5101,572,,1.41598E+14,179
315,TCD,CTCP Đầu tư Phát triển Công nghiệp và Vận tải,Quarter 1 Year 2021,96,10101,428,5735,725,2219,1.23442E+12,116
316,TCH,CTCP Đầu tư Dịch vụ Tài chính Hoàng Huy,Quarter 1 Year 2021,83,140,1051,1524,95,,8.57463E+12,92
317,TCL,CTCP Đại lý Giao nhận Vận tải Xếp dỡ Tân Cảng,Quarter 1 Year 2021,226,554,943,959,337,2443,9.22848E+11,141
318,TCM,CTCP Dệt may - Đầu tư - Thương mại Thành Công,Quarter 1 Year 2021,206,4722,2396,4245,376,7171,7.43615E+12,446
319,TCO,CTCP Vận tải Đa phương thức Duyên Hải,Quarter 1 Year 2021,180,0,1111,3613,209,,2.00737E+11,109
320,TCR,CTCP Công nghiệp Gốm sứ Taicera,Quarter 1 Year 2021,-116,5812,-969,2045,-226,5374,1.90786E+11,42
321,TCT,CTCP Cáp treo Núi Bà Tây Ninh,Quarter 1 Year 2021,412,0,14673,48,448,,4.10495E+11,130
322,TDC,CTCP Kinh doanh và Phát triển Bình Dương,Quarter 1 Year 2021,16,12127,1105,2262,70,8046,2.07E+12,160
323,TDG,CTCP Đầu tư TDG GLOBAL,Quarter 1 Year 2021,3,8370,1884,350,6,,60372000000,30
324,TDH,CTCP Phát triển Nhà Thủ Đức,Quarter 1 Year 2021,-1,2388,17173,740,-2,1720,8.47149E+11,38
325,TDM,CTCP Nước Thủ Dầu Một,Quarter 1 Year 2021,493,2727,1084,124,696,,2.89E+12,165
326,TDP,CTCP Thuận Đức,Quarter 1 Year 2021,156,18354,1543,2204,467,,1.4999E+12,227
327,TDW,CTCP Cấp nước Thủ Đức,Quarter 1 Year 2021,256,3649,846,1595,675,,3.1025E+11,172
328,TEG,CTCP Năng lượng và Bất động sản Trường Thành,Quarter 1 Year 2021,49,586,16125,4856,62,5948,4.43656E+11,99
329,TGG,CTCP Louis Capital,Quarter 1 Year 2021,-13,59,-1384,684,-14,,67703975200,28
330,THG,CTCP Đầu tư và Xây dựng Tiền Giang,Quarter 1 Year 2021,249,7592,645,176,711,2499,1.17028E+12,232
331,THI,CTCP Thiết bị Điện,Quarter 1 Year 2021,56,10708,695,7482,140,4030,1.232E+12,90
332,TIP,CTCP Phát triển Khu Công nghiệp Tín Nghĩa,Quarter 1 Year 2021,395,1048,779,599,636,,1.23125E+12,192
333,TIX,CTCP Sản xuất Kinh doanh Xuất nhập khẩu Dịch vụ và Đầu tư Tân Bình,Quarter 1 Year 2021,210,0,1005,1873,310,,9.555E+11,127
334,TLD,CTCP Đầu tư Xây dựng và Phát triển Đô thị Thăng Long,Quarter 1 Year 2021,22,2661,1161,3715,31,5245,2.57319E+11,58
335,TLG,CTCP Tập đoàn Thiên Long,Quarter 1 Year 2021,364,1173,858,261,478,,2.9912E+12,166
336,TLH,CTCP Tập đoàn Thép Tiến Lên,Quarter 1 Year 2021,361,8896,657,5159,753,,1.238E+12,77
337,TMP,CTCP Thủy điện Thác Mơ,Quarter 1 Year 2021,334,2668,1381,53,442,2976,2.9365E+12,192
338,TMS,CTCP Transimex,Quarter 1 Year 2021,245,3795,1094,8229,430,3133,4.49501E+12,198
339,TMT,CTCP Ô tô TMT,Quarter 1 Year 2021,46,7675,3847,6583,183,2327,3.29689E+11,78
340,TN1,CTCP Thương mại Dịch vụ TNS Holdings,Quarter 1 Year 2021,114,300,900,1403,315,,1.24155E+12,186
341,TNA,CTCP Thương mại Xuất nhập khẩu Thiên Nam,Quarter 1 Year 2021,24,21275,1521,1083,96,5404,5.12017E+11,90
342,TNC,CTCP Cao su Thống Nhất,Quarter 1 Year 2021,178,0,1982,454,198,,7.1995E+11,205
343,TNH,CTCP Bệnh viện Quốc tế Thái Nguyên,Quarter 1 Year 2021,130,7606,1048,2692,236,,1.1537E+12,177
344,TNI,CTCP Tập đoàn Thành Nam,Quarter 1 Year 2021,-46,4732,-3232,2789,-85,,1.98975E+11,34
345,TNT,CTCP Tập đoàn TNT,Quarter 1 Year 2021,193,32,3065,-143,270,,1.5606E+11,57
346,TPB,Ngân hàng TMCP Tiên Phong,Quarter 1 Year 2021,54,541,640,136,656,,2.87316E+13,160
347,TPC,CTCP Nhựa Tân Đại Hưng,Quarter 1 Year 2021,49,9541,976,3959,105,,2.18414E+11,64
348,TRA,CTCP Traphaco,Quarter 1 Year 2021,321,592,1365,664,434,2852,2.84765E+12,241
349,TRC,CTCP Cao su Tây Ninh,Quarter 1 Year 2021,119,1729,1157,6507,148,,1.10675E+12,70
350,TSC,CTCP Vật tư Kỹ thuật nông nghiệp Cần Thơ,Quarter 1 Year 2021,4,230,7297,2488,4,,1.06307E+12,58
351,TTA,CTCP Đầu tư Xây dựng và Phát triển Trường Thành,Quarter 1 Year 2021,66,14276,1735,-235,186,,2.052E+12,122
352,TTB,CTCP Tập đoàn Tiến Bộ,Quarter 1 Year 2021,4,7910,2785,1488,9,,3.54386E+11,65
353,TTE,CTCP Đầu tư Năng lượng Trường Thịnh,Quarter 1 Year 2021,88,22222,-1509,44,298,2286,2.84049E+11,102
354,TTF,CTCP Tập đoàn Kỹ nghệ gỗ Trường Thành,Quarter 1 Year 2021,-175,-9125,-5730,517,662,68311,2.24062E+12,-359
355,TV2,CTCP Tư vấn Xây dựng Điện 2,Quarter 1 Year 2021,88,1220,778,20,241,,2.10327E+12,176
356,TVB,CTCP Chứng khoán Trí Việt,Quarter 1 Year 2021,701,1662,533,1610,1079,,1.01736E+12,123
357,TVS,CTCP Chứng khoán Thiên Việt,Quarter 1 Year 2021,378,17045,421,155,1090,2120,2.05312E+12,141
358,TVT,Tổng Công ty Việt Thắng - CTCP,Quarter 1 Year 2021,184,11094,695,748,479,1553,5.817E+11,93
359,TYA,CTCP Dây và Cáp Điện Taya Việt Nam,Quarter 1 Year 2021,95,9635,759,2554,194,,5.0623E+11,104
360,UDC,CTCP Xây dựng và Phát triển Đô thị Tỉnh Bà Rịa Vũng Tàu,Quarter 1 Year 2021,-36,7214,-2250,1039,-99,6561,2.46066E+11,63
361,UIC,CTCP Đầu tư Phát triển Nhà và Đô thị IDICO,Quarter 1 Year 2021,558,791,621,-1138,876,,4.392E+11,140
362,VAF,CTCP Phân lân Nung chảy Văn Điển,Quarter 1 Year 2021,140,0,1731,6477,174,,3.87953E+11,83
363,VCA,CTCP Thép VICASA - VNSTEEL,Quarter 1 Year 2021,332,2569,916,1005,501,,2.24772E+11,97
364,VCB,Ngân hàng TMCP Ngoại thương Việt Nam,Quarter 1 Year 2021,53,8239,1661,-388,708,,3.51602E+14,348
365,VCF,CTCP Vinacafé Biên Hòa,Quarter 1 Year 2021,369,1314,946,6333,498,,6.59163E+12,419
366,VCG,Tổng Công ty cổ phần Xuất nhập khẩu và Xây dựng Việt Nam,Quarter 1 Year 2021,166,6034,1048,14017,460,5085,1.98328E+13,262
367,VCI,CTCP Chứng khoán Bản Việt,Quarter 1 Year 2021,328,6933,1119,2418,619,,1.05818E+13,215
368,VDP,CTCP Dược phẩm Trung ương VIDIPHA,Quarter 1 Year 2021,133,4948,980,2340,231,,5.77782E+11,104
369,VDS,CTCP Chứng khoán Rồng Việt,Quarter 1 Year 2021,362,1109,448,4332,816,,1.51651E+12,118
370,VFG,CTCP Khử trùng Việt Nam,Quarter 1 Year 2021,180,2386,896,-660,329,,1.55621E+12,157
371,VGC,Tổng Công ty Viglacera - CTCP,Quarter 1 Year 2021,130,2827,2247,6636,387,3095,1.59837E+13,220
372,VHC,CTCP Vĩnh Hoàn,Quarter 1 Year 2021,182,2088,1046,3891,248,3516,7.05951E+12,131
373,VHM,CTCP Vinhomes,Quarter 1 Year 2021,255,2441,1198,10790,587,4224,3.2007E+14,338
374,VIB,Ngân hàng TMCP Quốc tế Việt Nam,Quarter 1 Year 2021,58,2438,914,6538,775,,5.36944E+13,278
375,VIC,Tập đoàn VINGROUP - CTCP,Quarter 1 Year 2021,50,9506,6039,4477,152,6038,3.98789E+14,285
376,VID,CTCP Đầu tư Phát triển Thương mại Viễn Đông,Quarter 1 Year 2021,51,5021,2431,2107,96,2578,3.56665E+11,68
377,VIP,CTCP Vận tải Xăng dầu Vipco,Quarter 1 Year 2021,-53,2956,1193,655,-77,,6.27866E+11,56
378,VIX,CTCP Chứng khoán VIX,Quarter 1 Year 2021,1365,870,572,3593,1670,,3.9529E+12,191
379,VJC,CTCP Hàng không Vietjet,Quarter 1 Year 2021,27,7565,5611,642,84,30516,6.79419E+13,464
380,VMD,CTCP Y Dược phẩm Vimedimex,Quarter 1 Year 2021,11,10879,998,-3492,246,,3.48178E+11,91
381,VND,CTCP Chứng khoán VNDirect,Quarter 1 Year 2021,296,25730,553,1981,1202,,6.47834E+12,144
382,VNE,Tổng Công ty cổ phần Xây dựng Điện Việt Nam,Quarter 1 Year 2021,4,4933,2882,1212,9,9490,6.29253E+11,63
383,VNG,CTCP Du lịch Thành Thành Công,Quarter 1 Year 2021,-44,7352,-2695,300,-83,13140,1.4251E+12,125
384,VNL,CTCP Logistics Vinalink,Quarter 1 Year 2021,252,0,576,27,448,,1.665E+11,72
385,VNM,CTCP Sữa Việt Nam,Quarter 1 Year 2021,518,2770,1711,4716,762,5737,2.05652E+14,605
386,VNS,CTCP Ánh Dương Việt Nam,Quarter 1 Year 2021,-147,1995,-324,4075,-200,1309,7.12522E+11,49
387,VOS,CTCP Vận tải Biển Việt Nam,Quarter 1 Year 2021,-70,25051,-483,2708,-391,,5.782E+11,118
388,VPB,Ngân hàng TMCP Việt Nam Thịnh Vượng,Quarter 1 Year 2021,75,6312,965,3485,589,,1.09605E+14,196
389,VPD,CTCP Phát triển Điện lực Việt Nam,Quarter 1 Year 2021,63,6222,1551,3718,146,,1.54555E+12,124
390,VPG,CTCP Đầu tư Thương mại Xuất nhập khẩu Việt Phát,Quarter 1 Year 2021,758,5140,404,2658,2358,,9.99595E+11,152
391,VPH,CTCP Vạn Phát Hưng,Quarter 1 Year 2021,-94,4042,4090,828,-192,,5.40679E+11,53
392,VPI,CTCP Đầu tư Văn Phú - INVEST,Quarter 1 Year 2021,7,9863,2034,217,24,16325,7.24E+12,244
393,VPS,CTCP Thuốc sát trùng Việt Nam (VIPESCO),Quarter 1 Year 2021,33,1160,2408,2225,47,5019,3.44897E+11,102
394,VRC,CTCP Bất động sản và Đầu tư VRC,Quarter 1 Year 2021,1,0,48134,705,1,,5.4E+11,43
395,VRE,CTCP Vincom Retail,Quarter 1 Year 2021,196,1888,2782,340,263,5105,7.43048E+13,247
396,VSC,CTCP Container Việt Nam,Quarter 1 Year 2021,255,0,1204,1204,287,,2.98214E+12,133
397,VSH,CTCP Thủy điện Vĩnh Sơn - Sông Hinh,Quarter 1 Year 2021,104,14837,1365,2799,288,,4.46496E+12,120
398,VSI,CTCP Đầu tư và Xây dựng Cấp thoát nước,Quarter 1 Year 2021,66,9730,1334,5349,198,2802,2.4948E+11,119
399,VTB,CTCP Viettronics Tân Bình,Quarter 1 Year 2021,-21,283,927,1816,-30,6052,1.39919E+11,67
400,VTO,CTCP Vận tải Xăng dầu Vitaco,Quarter 1 Year 2021,161,3507,820,1683,256,,7.3346E+11,65
401,YBM,CTCP Khoáng sản Công nghiệp Yên Bái,Quarter 1 Year 2021,67,11845,779,1044,164,2775,1.08679E+11,62
402,YEG,CTCP Tập đoàn Yeah1,Quarter 1 Year 2021,-336,2349,-931,835,-534,-3586,1.21992E+12,147
